state,event_year,total_crashes,total_injuries
Alabama,1982,46,32
Alaska,1982,132,110
Arizona,1982,84,88
Arkansas,1982,53,20
Atlantic Ocean,1982,0,0
California,1982,250,262
Caribbean Sea,1982,0,0
Colorado,1982,69,56
Connecticut,1982,0,0
Delaware,1982,2,2
District of Columbia,1982,0,0
Florida,1982,98,57
Georgia,1982,52,50
Gulf of Mexico,1982,0,0
Hawaii,1982,8,15
Idaho,1982,45,41
Illinois,1982,53,31
Indiana,1982,34,21
Iowa,1982,45,24
Kansas,1982,42,18
Kentucky,1982,25,19
Louisiana,1982,57,28
Maine,1982,0,0
Maryland,1982,19,21
Massachusetts,1982,0,0
Michigan,1982,55,29
Minnesota,1982,34,24
Mississippi,1982,23,18
Missouri,1982,62,36
Montana,1982,36,32
Nebraska,1982,33,56
Nevada,1982,25,33
New Hampshire,1982,0,0
New Jersey,1982,1,0
New Mexico,1982,50,53
New York,1982,63,24
North Carolina,1982,41,29
North Dakota,1982,19,14
Ohio,1982,58,61
Oklahoma,1982,48,35
Oregon,1982,65,41
Other Foreign,1982,0,0
Pacific Ocean,1982,0,0
Pennsylvania,1982,69,36
Puerto Rico,1982,0,0
Rhode Island,1982,0,0
South Carolina,1982,31,17
South Dakota,1982,11,3
Tennessee,1982,14,16
Texas,1982,226,163
Utah,1982,25,26
Vermont,1982,0,0
Virginia,1982,20,21
Washington,1982,84,51
West Virginia,1982,9,8
Wisconsin,1982,28,19
Wyoming,1982,32,17
Alabama,1983,55,38
Alaska,1983,195,139
Arizona,1983,90,79
Arkansas,1983,41,30
Atlantic Ocean,1983,0,0
California,1983,375,329
Caribbean Sea,1983,0,0
Colorado,1983,92,61
Connecticut,1983,0,0
Delaware,1983,3,6
District of Columbia,1983,1,0
Florida,1983,146,156
Georgia,1983,72,59
Gulf of Mexico,1983,0,0
Hawaii,1983,10,9
Idaho,1983,36,35
Illinois,1983,72,64
Indiana,1983,31,15
Iowa,1983,47,26
Kansas,1983,57,31
Kentucky,1983,30,17
Louisiana,1983,48,34
Maine,1983,0,0
Maryland,1983,29,20
Massachusetts,1983,0,0
Michigan,1983,74,43
Minnesota,1983,39,24
Mississippi,1983,19,12
Missouri,1983,69,54
Montana,1983,36,20
Nebraska,1983,37,18
Nevada,1983,34,47
New Hampshire,1983,0,0
New Jersey,1983,1,0
New Mexico,1983,40,32
New York,1983,80,82
North Carolina,1983,50,62
North Dakota,1983,23,9
Ohio,1983,52,48
Oklahoma,1983,56,61
Oregon,1983,61,39
Other Foreign,1983,0,0
Pacific Ocean,1983,0,0
Pennsylvania,1983,68,59
Puerto Rico,1983,0,0
Rhode Island,1983,0,0
South Carolina,1983,33,14
South Dakota,1983,19,21
Tennessee,1983,37,63
Texas,1983,228,168
Utah,1983,38,41
Vermont,1983,0,0
Virginia,1983,34,35
Washington,1983,93,98
West Virginia,1983,16,13
Wisconsin,1983,39,26
Wyoming,1983,39,36
Alabama,1984,36,47
Alaska,1984,154,98
Arizona,1984,73,79
Arkansas,1984,80,44
Atlantic Ocean,1984,0,0
California,1984,338,308
Caribbean Sea,1984,0,0
Colorado,1984,85,68
Connecticut,1984,0,0
Delaware,1984,5,7
District of Columbia,1984,3,0
Florida,1984,155,126
Georgia,1984,56,57
Gulf of Mexico,1984,0,0
Hawaii,1984,5,9
Idaho,1984,39,42
Illinois,1984,76,46
Indiana,1984,46,39
Iowa,1984,38,28
Kansas,1984,45,28
Kentucky,1984,20,31
Louisiana,1984,61,50
Maine,1984,1,2
Maryland,1984,24,28
Massachusetts,1984,0,0
Michigan,1984,74,50
Minnesota,1984,43,30
Mississippi,1984,26,22
Missouri,1984,70,41
Montana,1984,36,28
Nebraska,1984,38,24
Nevada,1984,35,21
New Hampshire,1984,0,0
New Jersey,1984,0,0
New Mexico,1984,44,43
New York,1984,61,54
North Carolina,1984,39,26
North Dakota,1984,26,7
Ohio,1984,70,46
Oklahoma,1984,58,46
Oregon,1984,67,61
Other Foreign,1984,0,0
Pacific Ocean,1984,0,0
Pennsylvania,1984,68,53
Puerto Rico,1984,0,0
Rhode Island,1984,0,0
South Carolina,1984,29,17
South Dakota,1984,21,8
Tennessee,1984,33,36
Texas,1984,214,185
Utah,1984,43,35
Vermont,1984,0,0
Virginia,1984,36,37
Washington,1984,85,40
West Virginia,1984,17,16
Wisconsin,1984,47,46
Wyoming,1984,30,31
Alabama,1985,37,31
Alaska,1985,134,91
Arizona,1985,70,54
Arkansas,1985,47,32
Atlantic Ocean,1985,0,0
California,1985,274,306
Caribbean Sea,1985,0,0
Colorado,1985,77,80
Connecticut,1985,0,0
Delaware,1985,4,1
District of Columbia,1985,2,2
Florida,1985,146,91
Georgia,1985,52,64
Gulf of Mexico,1985,0,0
Hawaii,1985,17,17
Idaho,1985,41,35
Illinois,1985,62,36
Indiana,1985,48,61
Iowa,1985,30,25
Kansas,1985,52,40
Kentucky,1985,29,30
Louisiana,1985,48,40
Maine,1985,0,0
Maryland,1985,30,31
Massachusetts,1985,1,1
Michigan,1985,67,93
Minnesota,1985,52,34
Mississippi,1985,19,12
Missouri,1985,67,52
Montana,1985,35,24
Nebraska,1985,27,16
Nevada,1985,35,32
New Hampshire,1985,0,0
New Jersey,1985,0,0
New Mexico,1985,58,56
New York,1985,66,48
North Carolina,1985,47,48
North Dakota,1985,21,8
Ohio,1985,61,46
Oklahoma,1985,44,45
Oregon,1985,55,43
Other Foreign,1985,0,0
Pacific Ocean,1985,0,0
Pennsylvania,1985,63,67
Puerto Rico,1985,0,0
Rhode Island,1985,0,0
South Carolina,1985,31,24
South Dakota,1985,14,15
Tennessee,1985,27,39
Texas,1985,192,146
Utah,1985,34,32
Vermont,1985,0,0
Virginia,1985,25,44
Washington,1985,66,50
West Virginia,1985,17,23
Wisconsin,1985,58,55
Wyoming,1985,17,13
Alabama,1986,42,31
Alaska,1986,122,70
Arizona,1986,64,65
Arkansas,1986,43,16
Atlantic Ocean,1986,0,0
California,1986,276,303
Caribbean Sea,1986,0,0
Colorado,1986,64,71
Connecticut,1986,0,0
Delaware,1986,3,1
District of Columbia,1986,1,1
Florida,1986,151,124
Georgia,1986,43,58
Gulf of Mexico,1986,0,0
Hawaii,1986,20,32
Idaho,1986,46,57
Illinois,1986,60,55
Indiana,1986,52,41
Iowa,1986,25,13
Kansas,1986,50,21
Kentucky,1986,19,10
Louisiana,1986,39,26
Maine,1986,0,0
Maryland,1986,25,26
Massachusetts,1986,0,0
Michigan,1986,80,70
Minnesota,1986,42,36
Mississippi,1986,25,17
Missouri,1986,45,20
Montana,1986,32,29
Nebraska,1986,27,18
Nevada,1986,31,33
New Hampshire,1986,0,0
New Jersey,1986,0,0
New Mexico,1986,31,37
New York,1986,57,63
North Carolina,1986,52,59
North Dakota,1986,25,16
Ohio,1986,54,46
Oklahoma,1986,38,42
Oregon,1986,45,43
Other Foreign,1986,0,0
Pacific Ocean,1986,0,0
Pennsylvania,1986,48,45
Puerto Rico,1986,0,0
Rhode Island,1986,0,0
South Carolina,1986,23,7
South Dakota,1986,14,10
Tennessee,1986,26,22
Texas,1986,159,130
Utah,1986,30,24
Vermont,1986,0,0
Virginia,1986,29,41
Washington,1986,90,77
West Virginia,1986,7,7
Wisconsin,1986,53,33
Wyoming,1986,30,38
Alabama,1987,37,30
Alaska,1987,122,111
Arizona,1987,64,66
Arkansas,1987,45,26
Atlantic Ocean,1987,0,0
California,1987,261,304
Caribbean Sea,1987,0,0
Colorado,1987,85,148
Connecticut,1987,0,0
Delaware,1987,4,2
District of Columbia,1987,2,4
Florida,1987,135,90
Georgia,1987,53,43
Gulf of Mexico,1987,0,0
Hawaii,1987,26,40
Idaho,1987,25,15
Illinois,1987,58,36
Indiana,1987,50,34
Iowa,1987,30,21
Kansas,1987,32,16
Kentucky,1987,27,25
Louisiana,1987,29,15
Maine,1987,0,0
Maryland,1987,30,19
Massachusetts,1987,0,0
Michigan,1987,52,238
Minnesota,1987,38,32
Mississippi,1987,29,16
Missouri,1987,55,39
Montana,1987,26,29
Nebraska,1987,19,13
Nevada,1987,20,19
New Hampshire,1987,0,0
New Jersey,1987,0,0
New Mexico,1987,34,25
New York,1987,64,42
North Carolina,1987,43,39
North Dakota,1987,34,18
Ohio,1987,66,49
Oklahoma,1987,42,22
Oregon,1987,38,42
Other Foreign,1987,0,0
Pacific Ocean,1987,0,0
Pennsylvania,1987,51,37
Puerto Rico,1987,0,0
Rhode Island,1987,0,0
South Carolina,1987,25,15
South Dakota,1987,11,7
Tennessee,1987,36,23
Texas,1987,160,129
Utah,1987,35,49
Vermont,1987,0,0
Virginia,1987,26,15
Washington,1987,69,53
West Virginia,1987,8,16
Wisconsin,1987,47,42
Wyoming,1987,15,18
Alabama,1988,26,17
Alaska,1988,128,79
Arizona,1988,37,43
Arkansas,1988,55,39
Atlantic Ocean,1988,0,0
California,1988,248,238
Caribbean Sea,1988,0,0
Colorado,1988,64,66
Connecticut,1988,0,0
Delaware,1988,5,2
District of Columbia,1988,1,0
Florida,1988,129,116
Georgia,1988,29,35
Gulf of Mexico,1988,0,0
Hawaii,1988,9,6
Idaho,1988,28,30
Illinois,1988,49,23
Indiana,1988,51,45
Iowa,1988,24,14
Kansas,1988,33,23
Kentucky,1988,19,23
Louisiana,1988,31,18
Maine,1988,0,0
Maryland,1988,22,20
Massachusetts,1988,0,0
Michigan,1988,53,38
Minnesota,1988,41,29
Mississippi,1988,25,18
Missouri,1988,62,49
Montana,1988,23,18
Nebraska,1988,15,13
Nevada,1988,23,28
New Hampshire,1988,0,0
New Jersey,1988,0,0
New Mexico,1988,35,38
New York,1988,63,67
North Carolina,1988,39,41
North Dakota,1988,2,0
Ohio,1988,44,24
Oklahoma,1988,33,30
Oregon,1988,38,42
Other Foreign,1988,0,0
Pacific Ocean,1988,1,2
Pennsylvania,1988,59,54
Puerto Rico,1988,0,0
Rhode Island,1988,0,0
South Carolina,1988,34,24
South Dakota,1988,8,3
Tennessee,1988,28,39
Texas,1988,122,115
Utah,1988,23,21
Vermont,1988,0,0
Virginia,1988,34,21
Washington,1988,77,89
West Virginia,1988,20,25
Wisconsin,1988,36,25
Wyoming,1988,18,17
Alabama,1989,31,29
Alaska,1989,112,61
Arizona,1989,63,83
Arkansas,1989,44,34
Atlantic Ocean,1989,0,0
California,1989,241,199
Caribbean Sea,1989,0,0
Colorado,1989,69,66
Connecticut,1989,0,0
Delaware,1989,4,1
District of Columbia,1989,0,0
Florida,1989,116,85
Georgia,1989,31,38
Gulf of Mexico,1989,0,0
Hawaii,1989,12,69
Idaho,1989,22,21
Illinois,1989,48,37
Indiana,1989,34,31
Iowa,1989,20,15
Kansas,1989,14,36
Kentucky,1989,7,15
Louisiana,1989,32,22
Maine,1989,0,0
Maryland,1989,27,39
Massachusetts,1989,0,0
Michigan,1989,56,53
Minnesota,1989,47,33
Mississippi,1989,33,28
Missouri,1989,45,23
Montana,1989,24,17
Nebraska,1989,21,21
Nevada,1989,35,26
New Hampshire,1989,0,0
New Jersey,1989,1,1
New Mexico,1989,31,34
New York,1989,59,73
North Carolina,1989,41,33
North Dakota,1989,13,5
Ohio,1989,60,49
Oklahoma,1989,28,25
Oregon,1989,43,37
Other Foreign,1989,0,0
Pacific Ocean,1989,0,0
Pennsylvania,1989,42,46
Puerto Rico,1989,0,0
Rhode Island,1989,0,0
South Carolina,1989,26,20
South Dakota,1989,6,3
Tennessee,1989,20,29
Texas,1989,114,121
Utah,1989,36,32
Vermont,1989,0,0
Virginia,1989,21,22
Washington,1989,69,44
West Virginia,1989,9,13
Wisconsin,1989,38,33
Wyoming,1989,12,7
Alabama,1990,28,28
Alaska,1990,157,98
Arizona,1990,55,69
Arkansas,1990,60,35
Atlantic Ocean,1990,0,0
California,1990,278,289
Caribbean Sea,1990,0,0
Colorado,1990,72,60
Connecticut,1990,1,0
Delaware,1990,1,3
District of Columbia,1990,0,0
Florida,1990,102,77
Georgia,1990,43,34
Gulf of Mexico,1990,0,0
Hawaii,1990,10,5
Idaho,1990,29,27
Illinois,1990,57,38
Indiana,1990,38,19
Iowa,1990,22,15
Kansas,1990,34,25
Kentucky,1990,16,14
Louisiana,1990,32,24
Maine,1990,0,0
Maryland,1990,29,26
Massachusetts,1990,0,0
Michigan,1990,79,111
Minnesota,1990,42,26
Mississippi,1990,15,7
Missouri,1990,40,23
Montana,1990,31,20
Nebraska,1990,13,6
Nevada,1990,27,37
New Hampshire,1990,0,0
New Jersey,1990,0,0
New Mexico,1990,28,30
New York,1990,57,56
North Carolina,1990,41,26
North Dakota,1990,17,12
Ohio,1990,47,35
Oklahoma,1990,26,29
Oregon,1990,46,51
Other Foreign,1990,0,0
Pacific Ocean,1990,0,0
Pennsylvania,1990,57,49
Puerto Rico,1990,0,0
Rhode Island,1990,0,0
South Carolina,1990,18,15
South Dakota,1990,14,16
Tennessee,1990,28,21
Texas,1990,124,101
Utah,1990,30,29
Vermont,1990,0,0
Virginia,1990,31,41
Washington,1990,74,67
West Virginia,1990,14,17
Wisconsin,1990,40,47
Wyoming,1990,18,22
Alabama,1991,28,44
Alaska,1991,170,95
Arizona,1991,63,67
Arkansas,1991,46,36
Atlantic Ocean,1991,0,0
California,1991,244,238
Caribbean Sea,1991,0,0
Colorado,1991,79,67
Connecticut,1991,0,0
Delaware,1991,4,4
District of Columbia,1991,0,0
Florida,1991,123,105
Georgia,1991,47,71
Gulf of Mexico,1991,0,0
Hawaii,1991,17,19
Idaho,1991,29,25
Illinois,1991,55,38
Indiana,1991,30,29
Iowa,1991,21,16
Kansas,1991,24,12
Kentucky,1991,8,3
Louisiana,1991,21,8
Maine,1991,0,0
Maryland,1991,19,21
Massachusetts,1991,0,0
Michigan,1991,59,45
Minnesota,1991,55,41
Mississippi,1991,20,13
Missouri,1991,30,18
Montana,1991,28,26
Nebraska,1991,23,7
Nevada,1991,30,30
New Hampshire,1991,1,1
New Jersey,1991,0,0
New Mexico,1991,31,21
New York,1991,55,54
North Carolina,1991,48,48
North Dakota,1991,12,1
Ohio,1991,46,46
Oklahoma,1991,28,29
Oregon,1991,50,47
Other Foreign,1991,0,0
Pacific Ocean,1991,0,0
Pennsylvania,1991,42,53
Puerto Rico,1991,0,0
Rhode Island,1991,0,0
South Carolina,1991,19,18
South Dakota,1991,11,9
Tennessee,1991,23,28
Texas,1991,111,110
Utah,1991,27,20
Vermont,1991,0,0
Virginia,1991,28,24
Washington,1991,92,97
West Virginia,1991,12,30
Wisconsin,1991,42,34
Wyoming,1991,18,15
Alabama,1992,38,38
Alaska,1992,178,107
Arizona,1992,68,63
Arkansas,1992,54,28
Atlantic Ocean,1992,0,0
California,1992,228,209
Caribbean Sea,1992,0,0
Colorado,1992,86,94
Connecticut,1992,0,0
Delaware,1992,5,9
District of Columbia,1992,0,0
Florida,1992,87,81
Georgia,1992,41,34
Gulf of Mexico,1992,0,0
Hawaii,1992,16,41
Idaho,1992,33,29
Illinois,1992,57,46
Indiana,1992,25,16
Iowa,1992,20,20
Kansas,1992,22,12
Kentucky,1992,23,26
Louisiana,1992,21,16
Maine,1992,1,2
Maryland,1992,24,21
Massachusetts,1992,1,2
Michigan,1992,58,38
Minnesota,1992,24,16
Mississippi,1992,18,14
Missouri,1992,35,30
Montana,1992,27,29
Nebraska,1992,18,18
Nevada,1992,29,32
New Hampshire,1992,0,0
New Jersey,1992,0,0
New Mexico,1992,23,33
New York,1992,30,37
North Carolina,1992,41,33
North Dakota,1992,16,10
Ohio,1992,53,37
Oklahoma,1992,33,38
Oregon,1992,48,43
Other Foreign,1992,0,0
Pacific Ocean,1992,0,0
Pennsylvania,1992,43,40
Puerto Rico,1992,0,0
Rhode Island,1992,0,0
South Carolina,1992,28,14
South Dakota,1992,9,9
Tennessee,1992,23,24
Texas,1992,107,70
Utah,1992,25,21
Vermont,1992,0,0
Virginia,1992,26,26
Washington,1992,76,66
West Virginia,1992,15,19
Wisconsin,1992,35,37
Wyoming,1992,16,11
Alabama,1993,31,17
Alaska,1993,182,99
Arizona,1993,62,62
Arkansas,1993,51,32
Atlantic Ocean,1993,0,0
California,1993,225,198
Caribbean Sea,1993,0,0
Colorado,1993,63,79
Connecticut,1993,0,0
Delaware,1993,1,1
District of Columbia,1993,0,0
Florida,1993,109,114
Georgia,1993,30,47
Gulf of Mexico,1993,0,0
Hawaii,1993,7,7
Idaho,1993,24,13
Illinois,1993,52,45
Indiana,1993,33,19
Iowa,1993,21,17
Kansas,1993,22,25
Kentucky,1993,17,20
Louisiana,1993,22,17
Maine,1993,0,0
Maryland,1993,16,15
Massachusetts,1993,0,0
Michigan,1993,55,39
Minnesota,1993,39,37
Mississippi,1993,20,24
Missouri,1993,50,39
Montana,1993,24,10
Nebraska,1993,17,16
Nevada,1993,26,25
New Hampshire,1993,0,0
New Jersey,1993,0,0
New Mexico,1993,24,31
New York,1993,47,43
North Carolina,1993,33,40
North Dakota,1993,14,1
Ohio,1993,41,34
Oklahoma,1993,20,16
Oregon,1993,39,42
Other Foreign,1993,0,0
Pacific Ocean,1993,0,0
Pennsylvania,1993,44,37
Puerto Rico,1993,0,0
Rhode Island,1993,0,0
South Carolina,1993,22,15
South Dakota,1993,11,11
Tennessee,1993,23,24
Texas,1993,120,90
Utah,1993,33,22
Vermont,1993,0,0
Virginia,1993,26,23
Washington,1993,64,43
West Virginia,1993,10,8
Wisconsin,1993,47,30
Wyoming,1993,23,20
Alabama,1994,23,18
Alaska,1994,131,74
Arizona,1994,58,45
Arkansas,1994,50,25
Atlantic Ocean,1994,0,0
California,1994,218,253
Caribbean Sea,1994,0,0
Colorado,1994,58,59
Connecticut,1994,0,0
Delaware,1994,6,5
District of Columbia,1994,0,0
Florida,1994,128,108
Georgia,1994,39,26
Gulf of Mexico,1994,0,0
Hawaii,1994,14,21
Idaho,1994,36,26
Illinois,1994,52,46
Indiana,1994,30,23
Iowa,1994,15,15
Kansas,1994,31,23
Kentucky,1994,12,13
Louisiana,1994,22,23
Maine,1994,0,0
Maryland,1994,17,22
Massachusetts,1994,0,0
Michigan,1994,50,52
Minnesota,1994,39,30
Mississippi,1994,18,19
Missouri,1994,38,35
Montana,1994,26,14
Nebraska,1994,19,25
Nevada,1994,34,52
New Hampshire,1994,0,0
New Jersey,1994,0,0
New Mexico,1994,26,28
New York,1994,49,70
North Carolina,1994,45,103
North Dakota,1994,22,7
Ohio,1994,51,52
Oklahoma,1994,27,25
Oregon,1994,43,32
Other Foreign,1994,0,0
Pacific Ocean,1994,0,0
Pennsylvania,1994,37,178
Puerto Rico,1994,0,0
Rhode Island,1994,0,0
South Carolina,1994,24,16
South Dakota,1994,9,4
Tennessee,1994,25,22
Texas,1994,107,106
Utah,1994,28,29
Vermont,1994,0,0
Virginia,1994,17,23
Washington,1994,64,45
West Virginia,1994,8,11
Wisconsin,1994,37,32
Wyoming,1994,18,17
Alabama,1995,37,30
Alaska,1995,166,88
Arizona,1995,62,65
Arkansas,1995,54,33
Atlantic Ocean,1995,0,0
California,1995,217,179
Caribbean Sea,1995,0,0
Colorado,1995,70,59
Connecticut,1995,0,0
Delaware,1995,1,0
District of Columbia,1995,1,0
Florida,1995,106,104
Georgia,1995,36,75
Gulf of Mexico,1995,0,0
Hawaii,1995,11,16
Idaho,1995,33,22
Illinois,1995,37,33
Indiana,1995,30,21
Iowa,1995,10,11
Kansas,1995,32,27
Kentucky,1995,8,6
Louisiana,1995,22,12
Maine,1995,0,0
Maryland,1995,24,13
Massachusetts,1995,0,0
Michigan,1995,51,33
Minnesota,1995,35,20
Mississippi,1995,33,19
Missouri,1995,33,32
Montana,1995,24,6
Nebraska,1995,14,7
Nevada,1995,20,14
New Hampshire,1995,0,0
New Jersey,1995,0,0
New Mexico,1995,35,29
New York,1995,53,107
North Carolina,1995,33,19
North Dakota,1995,13,7
Ohio,1995,46,35
Oklahoma,1995,37,27
Oregon,1995,52,31
Other Foreign,1995,0,0
Pacific Ocean,1995,0,0
Pennsylvania,1995,51,39
Puerto Rico,1995,0,0
Rhode Island,1995,0,0
South Carolina,1995,28,29
South Dakota,1995,12,21
Tennessee,1995,38,44
Texas,1995,147,144
Utah,1995,22,20
Vermont,1995,0,0
Virginia,1995,28,40
Washington,1995,66,64
West Virginia,1995,4,6
Wisconsin,1995,39,63
Wyoming,1995,14,19
Alabama,1996,31,25
Alaska,1996,155,91
Arizona,1996,64,72
Arkansas,1996,40,33
Atlantic Ocean,1996,0,0
California,1996,194,160
Caribbean Sea,1996,0,0
Colorado,1996,80,56
Connecticut,1996,0,0
Delaware,1996,1,2
District of Columbia,1996,1,0
Florida,1996,119,112
Georgia,1996,38,30
Gulf of Mexico,1996,0,0
Hawaii,1996,11,12
Idaho,1996,33,32
Illinois,1996,41,52
Indiana,1996,29,27
Iowa,1996,14,9
Kansas,1996,30,11
Kentucky,1996,18,15
Louisiana,1996,36,26
Maine,1996,0,0
Maryland,1996,26,27
Massachusetts,1996,0,0
Michigan,1996,56,44
Minnesota,1996,39,20
Mississippi,1996,20,16
Missouri,1996,25,25
Montana,1996,22,13
Nebraska,1996,14,11
Nevada,1996,20,14
New Hampshire,1996,0,0
New Jersey,1996,0,0
New Mexico,1996,32,18
New York,1996,47,309
North Carolina,1996,30,25
North Dakota,1996,18,6
Ohio,1996,41,42
Oklahoma,1996,31,20
Oregon,1996,58,46
Other Foreign,1996,0,0
Pacific Ocean,1996,0,0
Pennsylvania,1996,35,43
Puerto Rico,1996,0,0
Rhode Island,1996,0,0
South Carolina,1996,18,18
South Dakota,1996,11,6
Tennessee,1996,29,29
Texas,1996,120,108
Utah,1996,26,15
Vermont,1996,0,0
Virginia,1996,23,36
Washington,1996,62,39
West Virginia,1996,12,15
Wisconsin,1996,33,17
Wyoming,1996,15,8
Alabama,1997,17,13
Alaska,1997,144,88
Arizona,1997,63,42
Arkansas,1997,33,25
Atlantic Ocean,1997,0,0
California,1997,155,139
Caribbean Sea,1997,0,0
Colorado,1997,64,60
Connecticut,1997,0,0
Delaware,1997,3,2
District of Columbia,1997,0,0
Florida,1997,126,114
Georgia,1997,34,36
Gulf of Mexico,1997,0,0
Hawaii,1997,14,80
Idaho,1997,30,28
Illinois,1997,40,42
Indiana,1997,34,30
Iowa,1997,20,8
Kansas,1997,30,18
Kentucky,1997,11,8
Louisiana,1997,26,21
Maine,1997,0,0
Maryland,1997,25,24
Massachusetts,1997,0,0
Michigan,1997,47,72
Minnesota,1997,34,17
Mississippi,1997,19,10
Missouri,1997,31,27
Montana,1997,28,30
Nebraska,1997,14,8
Nevada,1997,22,23
New Hampshire,1997,0,0
New Jersey,1997,0,0
New Mexico,1997,34,39
New York,1997,33,40
North Carolina,1997,47,32
North Dakota,1997,16,28
Ohio,1997,41,38
Oklahoma,1997,29,22
Oregon,1997,56,62
Other Foreign,1997,0,0
Pacific Ocean,1997,0,0
Pennsylvania,1997,54,55
Puerto Rico,1997,0,0
Rhode Island,1997,0,0
South Carolina,1997,26,27
South Dakota,1997,12,8
Tennessee,1997,31,26
Texas,1997,123,77
Utah,1997,32,28
Vermont,1997,0,0
Virginia,1997,22,17
Washington,1997,58,68
West Virginia,1997,13,10
Wisconsin,1997,31,21
Wyoming,1997,12,3
Alabama,1998,26,19
Alaska,1998,167,85
Arizona,1998,47,27
Arkansas,1998,42,31
Atlantic Ocean,1998,0,0
California,1998,182,158
Caribbean Sea,1998,0,0
Colorado,1998,62,49
Connecticut,1998,0,0
Delaware,1998,3,2
District of Columbia,1998,1,0
Florida,1998,140,97
Georgia,1998,39,27
Gulf of Mexico,1998,0,0
Hawaii,1998,6,7
Idaho,1998,37,28
Illinois,1998,33,26
Indiana,1998,32,21
Iowa,1998,20,22
Kansas,1998,19,14
Kentucky,1998,9,7
Louisiana,1998,23,22
Maine,1998,0,0
Maryland,1998,19,21
Massachusetts,1998,0,0
Michigan,1998,47,29
Minnesota,1998,36,29
Mississippi,1998,20,11
Missouri,1998,24,22
Montana,1998,35,20
Nebraska,1998,26,17
Nevada,1998,28,27
New Hampshire,1998,0,0
New Jersey,1998,0,0
New Mexico,1998,41,55
New York,1998,36,30
North Carolina,1998,31,33
North Dakota,1998,21,10
Ohio,1998,29,27
Oklahoma,1998,39,50
Oregon,1998,39,17
Other Foreign,1998,0,0
Pacific Ocean,1998,0,0
Pennsylvania,1998,38,62
Puerto Rico,1998,0,0
Rhode Island,1998,0,0
South Carolina,1998,28,24
South Dakota,1998,12,10
Tennessee,1998,17,18
Texas,1998,129,115
Utah,1998,33,35
Vermont,1998,1,2
Virginia,1998,26,24
Washington,1998,65,44
West Virginia,1998,7,9
Wisconsin,1998,43,40
Wyoming,1998,18,8
Alabama,1999,28,25
Alaska,1999,152,77
Arizona,1999,59,53
Arkansas,1999,44,24
Atlantic Ocean,1999,0,0
California,1999,160,146
Caribbean Sea,1999,0,0
Colorado,1999,84,62
Connecticut,1999,0,0
Delaware,1999,4,2
District of Columbia,1999,1,0
Florida,1999,123,103
Georgia,1999,30,24
Gulf of Mexico,1999,0,0
Hawaii,1999,11,18
Idaho,1999,45,30
Illinois,1999,49,33
Indiana,1999,21,15
Iowa,1999,17,9
Kansas,1999,30,27
Kentucky,1999,12,15
Louisiana,1999,25,19
Maine,1999,0,0
Maryland,1999,24,29
Massachusetts,1999,1,1
Michigan,1999,43,39
Minnesota,1999,32,20
Mississippi,1999,35,22
Missouri,1999,39,26
Montana,1999,24,13
Nebraska,1999,22,11
Nevada,1999,40,37
New Hampshire,1999,0,0
New Jersey,1999,0,0
New Mexico,1999,38,27
New York,1999,40,38
North Carolina,1999,36,26
North Dakota,1999,11,6
Ohio,1999,37,36
Oklahoma,1999,33,33
Oregon,1999,41,31
Other Foreign,1999,0,0
Pacific Ocean,1999,0,0
Pennsylvania,1999,39,32
Puerto Rico,1999,1,0
Rhode Island,1999,0,0
South Carolina,1999,23,25
South Dakota,1999,7,12
Tennessee,1999,25,23
Texas,1999,128,96
Utah,1999,25,9
Vermont,1999,0,0
Virginia,1999,26,23
Washington,1999,65,48
West Virginia,1999,8,17
Wisconsin,1999,40,31
Wyoming,1999,20,13
Alabama,2000,15,14
Alaska,2000,131,80
Arizona,2000,55,54
Arkansas,2000,23,16
Atlantic Ocean,2000,0,0
California,2000,203,314
Caribbean Sea,2000,0,0
Colorado,2000,69,44
Connecticut,2000,0,0
Delaware,2000,2,0
District of Columbia,2000,0,0
Florida,2000,122,120
Georgia,2000,40,41
Gulf of Mexico,2000,0,0
Hawaii,2000,15,28
Idaho,2000,34,30
Illinois,2000,40,26
Indiana,2000,33,16
Iowa,2000,10,8
Kansas,2000,18,19
Kentucky,2000,13,21
Louisiana,2000,23,12
Maine,2000,2,7
Maryland,2000,16,8
Massachusetts,2000,4,7
Michigan,2000,43,32
Minnesota,2000,39,24
Mississippi,2000,24,18
Missouri,2000,30,20
Montana,2000,28,19
Nebraska,2000,11,5
Nevada,2000,43,36
New Hampshire,2000,0,0
New Jersey,2000,3,2
New Mexico,2000,37,30
New York,2000,43,28
North Carolina,2000,40,36
North Dakota,2000,11,3
Ohio,2000,44,40
Oklahoma,2000,28,19
Oregon,2000,55,35
Other Foreign,2000,0,0
Pacific Ocean,2000,0,0
Pennsylvania,2000,47,62
Puerto Rico,2000,0,0
Rhode Island,2000,1,3
South Carolina,2000,18,28
South Dakota,2000,12,9
Tennessee,2000,26,23
Texas,2000,133,118
Utah,2000,44,37
Vermont,2000,0,0
Virginia,2000,33,25
Washington,2000,67,39
West Virginia,2000,7,7
Wisconsin,2000,31,31
Wyoming,2000,19,11
Alabama,2001,24,31
Alaska,2001,131,69
Arizona,2001,61,46
Arkansas,2001,21,24
Atlantic Ocean,2001,0,0
California,2001,177,131
Caribbean Sea,2001,0,0
Colorado,2001,67,80
Connecticut,2001,14,9
Delaware,2001,2,1
District of Columbia,2001,1,1
Florida,2001,113,110
Georgia,2001,49,59
Gulf of Mexico,2001,0,0
Hawaii,2001,12,8
Idaho,2001,24,11
Illinois,2001,50,42
Indiana,2001,28,27
Iowa,2001,7,8
Kansas,2001,13,11
Kentucky,2001,14,12
Louisiana,2001,27,14
Maine,2001,14,8
Maryland,2001,17,12
Massachusetts,2001,23,28
Michigan,2001,58,44
Minnesota,2001,39,33
Mississippi,2001,23,17
Missouri,2001,32,31
Montana,2001,18,10
Nebraska,2001,19,7
Nevada,2001,37,23
New Hampshire,2001,10,6
New Jersey,2001,14,15
New Mexico,2001,31,33
New York,2001,40,302
North Carolina,2001,39,42
North Dakota,2001,13,3
Ohio,2001,32,16
Oklahoma,2001,24,14
Oregon,2001,47,24
Other Foreign,2001,0,0
Pacific Ocean,2001,0,0
Pennsylvania,2001,34,72
Puerto Rico,2001,8,7
Rhode Island,2001,3,4
South Carolina,2001,13,8
South Dakota,2001,10,6
Tennessee,2001,24,23
Texas,2001,132,117
Utah,2001,28,34
Vermont,2001,4,5
Virginia,2001,41,94
Washington,2001,66,45
West Virginia,2001,15,12
Wisconsin,2001,42,41
Wyoming,2001,17,6
Alabama,2002,27,15
Alaska,2002,139,52
Arizona,2002,76,70
Arkansas,2002,37,42
Atlantic Ocean,2002,0,0
California,2002,175,159
Caribbean Sea,2002,0,0
Colorado,2002,72,60
Connecticut,2002,11,9
Delaware,2002,1,2
District of Columbia,2002,1,1
Florida,2002,132,104
Georgia,2002,49,45
Gulf of Mexico,2002,0,0
Hawaii,2002,3,7
Idaho,2002,47,35
Illinois,2002,42,22
Indiana,2002,24,23
Iowa,2002,14,8
Kansas,2002,19,8
Kentucky,2002,14,19
Louisiana,2002,26,20
Maine,2002,10,9
Maryland,2002,12,14
Massachusetts,2002,22,9
Michigan,2002,42,28
Minnesota,2002,46,32
Mississippi,2002,16,10
Missouri,2002,30,39
Montana,2002,25,16
Nebraska,2002,13,5
Nevada,2002,34,32
New Hampshire,2002,3,9
New Jersey,2002,37,27
New Mexico,2002,32,18
New York,2002,32,67
North Carolina,2002,37,55
North Dakota,2002,7,3
Ohio,2002,39,26
Oklahoma,2002,26,27
Oregon,2002,39,21
Other Foreign,2002,0,0
Pacific Ocean,2002,1,7
Pennsylvania,2002,35,28
Puerto Rico,2002,7,16
Rhode Island,2002,5,5
South Carolina,2002,21,20
South Dakota,2002,8,7
Tennessee,2002,23,23
Texas,2002,118,78
Utah,2002,39,33
Vermont,2002,5,4
Virginia,2002,37,28
Washington,2002,66,42
West Virginia,2002,7,7
Wisconsin,2002,36,20
Wyoming,2002,16,10
Alabama,2003,30,25
Alaska,2003,120,60
Arizona,2003,93,82
Arkansas,2003,37,65
Atlantic Ocean,2003,0,0
California,2003,182,173
Caribbean Sea,2003,0,0
Colorado,2003,65,59
Connecticut,2003,8,5
Delaware,2003,3,6
District of Columbia,2003,0,0
Florida,2003,136,157
Georgia,2003,51,51
Gulf of Mexico,2003,0,0
Hawaii,2003,14,13
Idaho,2003,52,38
Illinois,2003,54,27
Indiana,2003,20,10
Iowa,2003,20,21
Kansas,2003,19,16
Kentucky,2003,21,27
Louisiana,2003,21,29
Maine,2003,10,10
Maryland,2003,12,10
Massachusetts,2003,22,26
Michigan,2003,50,39
Minnesota,2003,40,42
Mississippi,2003,19,14
Missouri,2003,30,17
Montana,2003,23,13
Nebraska,2003,12,6
Nevada,2003,29,37
New Hampshire,2003,4,0
New Jersey,2003,19,14
New Mexico,2003,36,35
New York,2003,46,61
North Carolina,2003,38,66
North Dakota,2003,10,1
Ohio,2003,46,43
Oklahoma,2003,22,17
Oregon,2003,48,33
Other Foreign,2003,0,0
Pacific Ocean,2003,1,1
Pennsylvania,2003,29,22
Puerto Rico,2003,4,8
Rhode Island,2003,7,10
South Carolina,2003,22,23
South Dakota,2003,16,6
Tennessee,2003,35,40
Texas,2003,125,120
Utah,2003,40,42
Vermont,2003,2,2
Virginia,2003,31,14
Washington,2003,74,37
West Virginia,2003,11,16
Wisconsin,2003,32,23
Wyoming,2003,19,10
Alabama,2004,27,21
Alaska,2004,107,56
Arizona,2004,72,47
Arkansas,2004,31,22
Atlantic Ocean,2004,1,0
California,2004,171,104
Caribbean Sea,2004,0,0
Colorado,2004,73,43
Connecticut,2004,13,8
Delaware,2004,0,0
District of Columbia,2004,1,0
Florida,2004,121,104
Georgia,2004,45,42
Gulf of Mexico,2004,0,0
Hawaii,2004,15,16
Idaho,2004,40,23
Illinois,2004,30,14
Indiana,2004,26,18
Iowa,2004,13,13
Kansas,2004,25,21
Kentucky,2004,20,19
Louisiana,2004,26,19
Maine,2004,12,4
Maryland,2004,11,3
Massachusetts,2004,27,19
Michigan,2004,39,27
Minnesota,2004,32,24
Mississippi,2004,18,14
Missouri,2004,32,53
Montana,2004,29,28
Nebraska,2004,11,6
Nevada,2004,29,20
New Hampshire,2004,8,6
New Jersey,2004,21,18
New Mexico,2004,29,24
New York,2004,32,28
North Carolina,2004,27,32
North Dakota,2004,8,3
Ohio,2004,34,28
Oklahoma,2004,23,25
Oregon,2004,40,37
Other Foreign,2004,0,0
Pacific Ocean,2004,0,0
Pennsylvania,2004,37,18
Puerto Rico,2004,6,24
Rhode Island,2004,3,2
South Carolina,2004,20,30
South Dakota,2004,10,5
Tennessee,2004,27,25
Texas,2004,137,114
Utah,2004,34,26
Vermont,2004,4,2
Virginia,2004,22,22
Washington,2004,75,57
West Virginia,2004,12,12
Wisconsin,2004,37,30
Wyoming,2004,16,16
Alabama,2005,22,16
Alaska,2005,129,52
Arizona,2005,82,58
Arkansas,2005,37,29
Atlantic Ocean,2005,1,3
California,2005,191,159
Caribbean Sea,2005,0,0
Colorado,2005,74,60
Connecticut,2005,9,8
Delaware,2005,5,11
District of Columbia,2005,1,1
Florida,2005,149,130
Georgia,2005,32,23
Gulf of Mexico,2005,0,0
Hawaii,2005,16,13
Idaho,2005,38,24
Illinois,2005,32,43
Indiana,2005,20,20
Iowa,2005,13,17
Kansas,2005,18,16
Kentucky,2005,14,12
Louisiana,2005,32,30
Maine,2005,9,6
Maryland,2005,11,8
Massachusetts,2005,18,12
Michigan,2005,43,26
Minnesota,2005,31,21
Mississippi,2005,19,19
Missouri,2005,31,24
Montana,2005,21,13
Nebraska,2005,15,11
Nevada,2005,25,20
New Hampshire,2005,12,11
New Jersey,2005,44,44
New Mexico,2005,21,9
New York,2005,43,49
North Carolina,2005,41,28
North Dakota,2005,12,5
Ohio,2005,37,30
Oklahoma,2005,26,19
Oregon,2005,54,39
Other Foreign,2005,0,0
Pacific Ocean,2005,0,0
Pennsylvania,2005,33,33
Puerto Rico,2005,6,9
Rhode Island,2005,1,0
South Carolina,2005,22,26
South Dakota,2005,9,5
Tennessee,2005,22,21
Texas,2005,129,97
Utah,2005,25,21
Vermont,2005,5,3
Virginia,2005,15,11
Washington,2005,59,31
West Virginia,2005,7,5
Wisconsin,2005,38,22
Wyoming,2005,17,15
Alabama,2006,19,14
Alaska,2006,96,69
Arizona,2006,69,50
Arkansas,2006,16,16
Atlantic Ocean,2006,0,0
California,2006,174,150
Caribbean Sea,2006,0,0
Colorado,2006,54,37
Connecticut,2006,7,11
Delaware,2006,2,4
District of Columbia,2006,1,4
Florida,2006,107,73
Georgia,2006,41,43
Gulf of Mexico,2006,0,0
Hawaii,2006,13,19
Idaho,2006,30,11
Illinois,2006,35,20
Indiana,2006,28,24
Iowa,2006,8,8
Kansas,2006,19,11
Kentucky,2006,15,69
Louisiana,2006,10,9
Maine,2006,13,10
Maryland,2006,18,12
Massachusetts,2006,13,3
Michigan,2006,47,28
Minnesota,2006,29,12
Mississippi,2006,10,9
Missouri,2006,26,22
Montana,2006,33,11
Nebraska,2006,17,18
Nevada,2006,26,20
New Hampshire,2006,5,2
New Jersey,2006,32,16
New Mexico,2006,25,18
New York,2006,22,23
North Carolina,2006,38,28
North Dakota,2006,14,3
Ohio,2006,23,14
Oklahoma,2006,16,23
Oregon,2006,38,30
Other Foreign,2006,0,0
Pacific Ocean,2006,1,0
Pennsylvania,2006,36,38
Puerto Rico,2006,5,2
Rhode Island,2006,3,3
South Carolina,2006,15,19
South Dakota,2006,5,8
Tennessee,2006,17,13
Texas,2006,58,32
Utah,2006,32,24
Vermont,2006,4,4
Virginia,2006,32,28
Washington,2006,49,27
West Virginia,2006,7,6
Wisconsin,2006,21,22
Wyoming,2006,13,4
Alabama,2007,28,21
Alaska,2007,81,42
Arizona,2007,60,29
Arkansas,2007,15,14
Atlantic Ocean,2007,0,0
California,2007,177,119
Caribbean Sea,2007,0,0
Colorado,2007,63,26
Connecticut,2007,7,2
Delaware,2007,4,5
District of Columbia,2007,1,0
Florida,2007,134,110
Georgia,2007,49,34
Gulf of Mexico,2007,0,0
Hawaii,2007,9,23
Idaho,2007,38,17
Illinois,2007,40,20
Indiana,2007,17,13
Iowa,2007,15,15
Kansas,2007,24,13
Kentucky,2007,11,13
Louisiana,2007,14,11
Maine,2007,8,9
Maryland,2007,12,16
Massachusetts,2007,17,16
Michigan,2007,31,19
Minnesota,2007,21,14
Mississippi,2007,16,8
Missouri,2007,26,26
Montana,2007,23,20
Nebraska,2007,8,3
Nevada,2007,36,25
New Hampshire,2007,8,2
New Jersey,2007,22,11
New Mexico,2007,36,36
New York,2007,40,27
North Carolina,2007,34,26
North Dakota,2007,10,2
Ohio,2007,29,19
Oklahoma,2007,27,25
Oregon,2007,41,31
Other Foreign,2007,0,0
Pacific Ocean,2007,0,0
Pennsylvania,2007,34,34
Puerto Rico,2007,6,8
Rhode Island,2007,4,0
South Carolina,2007,14,11
South Dakota,2007,8,4
Tennessee,2007,22,25
Texas,2007,97,62
Utah,2007,43,35
Vermont,2007,7,2
Virginia,2007,36,27
Washington,2007,47,46
West Virginia,2007,6,7
Wisconsin,2007,22,18
Wyoming,2007,13,13
Alabama,2008,28,23
Alaska,2008,108,157
Arizona,2008,73,57
Arkansas,2008,22,13
Atlantic Ocean,2008,0,0
California,2008,158,149
Caribbean Sea,2008,0,0
Colorado,2008,60,85
Connecticut,2008,9,4
Delaware,2008,2,0
District of Columbia,2008,1,0
Florida,2008,133,122
Georgia,2008,49,26
Gulf of Mexico,2008,0,0
Hawaii,2008,11,13
Idaho,2008,34,21
Illinois,2008,50,17
Indiana,2008,22,7
Iowa,2008,18,12
Kansas,2008,27,13
Kentucky,2008,16,15
Louisiana,2008,13,7
Maine,2008,13,15
Maryland,2008,20,11
Massachusetts,2008,12,5
Michigan,2008,32,14
Minnesota,2008,31,19
Mississippi,2008,16,4
Missouri,2008,31,23
Montana,2008,20,11
Nebraska,2008,13,4
Nevada,2008,25,24
New Hampshire,2008,6,7
New Jersey,2008,28,18
New Mexico,2008,31,30
New York,2008,30,17
North Carolina,2008,34,30
North Dakota,2008,7,5
Ohio,2008,43,32
Oklahoma,2008,25,21
Oregon,2008,40,29
Other Foreign,2008,0,0
Pacific Ocean,2008,0,0
Pennsylvania,2008,33,24
Puerto Rico,2008,4,8
Rhode Island,2008,8,11
South Carolina,2008,20,20
South Dakota,2008,9,4
Tennessee,2008,24,19
Texas,2008,125,79
Utah,2008,42,42
Vermont,2008,1,1
Virginia,2008,30,20
Washington,2008,58,43
West Virginia,2008,3,3
Wisconsin,2008,40,42
Wyoming,2008,18,10
Alabama,2009,13,13
Alaska,2009,101,37
Arizona,2009,74,44
Arkansas,2009,21,10
Atlantic Ocean,2009,0,0
California,2009,187,144
Caribbean Sea,2009,0,0
Colorado,2009,51,30
Connecticut,2009,2,1
Delaware,2009,3,0
District of Columbia,2009,0,0
Florida,2009,104,87
Georgia,2009,46,33
Gulf of Mexico,2009,1,0
Hawaii,2009,10,8
Idaho,2009,37,26
Illinois,2009,31,19
Indiana,2009,30,19
Iowa,2009,17,14
Kansas,2009,19,11
Kentucky,2009,14,9
Louisiana,2009,21,31
Maine,2009,14,8
Maryland,2009,13,20
Massachusetts,2009,14,6
Michigan,2009,35,23
Minnesota,2009,29,15
Mississippi,2009,19,13
Missouri,2009,23,12
Montana,2009,16,20
Nebraska,2009,15,10
Nevada,2009,28,23
New Hampshire,2009,4,3
New Jersey,2009,25,27
New Mexico,2009,27,17
New York,2009,32,67
North Carolina,2009,38,36
North Dakota,2009,10,4
Ohio,2009,32,20
Oklahoma,2009,23,30
Oregon,2009,31,25
Other Foreign,2009,0,0
Pacific Ocean,2009,1,0
Pennsylvania,2009,30,17
Puerto Rico,2009,6,13
Rhode Island,2009,1,0
South Carolina,2009,29,24
South Dakota,2009,8,8
Tennessee,2009,21,29
Texas,2009,119,96
Utah,2009,37,27
Vermont,2009,4,3
Virginia,2009,34,29
Washington,2009,58,26
West Virginia,2009,11,17
Wisconsin,2009,23,15
Wyoming,2009,4,4
Alabama,2010,8,7
Alaska,2010,91,89
Arizona,2010,63,55
Arkansas,2010,32,31
Atlantic Ocean,2010,0,0
California,2010,157,124
Caribbean Sea,2010,0,0
Colorado,2010,47,36
Connecticut,2010,4,1
Delaware,2010,1,2
District of Columbia,2010,0,0
Florida,2010,102,55
Georgia,2010,47,34
Gulf of Mexico,2010,0,0
Hawaii,2010,6,4
Idaho,2010,37,18
Illinois,2010,42,30
Indiana,2010,27,14
Iowa,2010,27,21
Kansas,2010,18,12
Kentucky,2010,20,18
Louisiana,2010,16,13
Maine,2010,10,9
Maryland,2010,21,6
Massachusetts,2010,24,20
Michigan,2010,30,23
Minnesota,2010,32,19
Mississippi,2010,8,8
Missouri,2010,23,14
Montana,2010,14,9
Nebraska,2010,13,8
Nevada,2010,24,16
New Hampshire,2010,4,1
New Jersey,2010,14,18
New Mexico,2010,27,19
New York,2010,49,47
North Carolina,2010,30,21
North Dakota,2010,8,3
Ohio,2010,37,25
Oklahoma,2010,23,29
Oregon,2010,40,20
Other Foreign,2010,0,0
Pacific Ocean,2010,1,2
Pennsylvania,2010,19,13
Puerto Rico,2010,9,10
Rhode Island,2010,1,0
South Carolina,2010,19,15
South Dakota,2010,8,6
Tennessee,2010,25,15
Texas,2010,127,87
Utah,2010,35,18
Vermont,2010,4,4
Virginia,2010,26,14
Washington,2010,51,35
West Virginia,2010,10,18
Wisconsin,2010,26,24
Wyoming,2010,9,9
Alabama,2011,17,18
Alaska,2011,104,54
Arizona,2011,66,42
Arkansas,2011,22,17
Atlantic Ocean,2011,1,2
California,2011,141,117
Caribbean Sea,2011,0,0
Colorado,2011,54,35
Connecticut,2011,11,6
Delaware,2011,1,0
District of Columbia,2011,0,0
Florida,2011,110,77
Georgia,2011,43,32
Gulf of Mexico,2011,1,3
Hawaii,2011,7,16
Idaho,2011,34,28
Illinois,2011,48,29
Indiana,2011,26,19
Iowa,2011,23,11
Kansas,2011,15,15
Kentucky,2011,9,8
Louisiana,2011,28,15
Maine,2011,16,21
Maryland,2011,23,14
Massachusetts,2011,18,11
Michigan,2011,34,30
Minnesota,2011,28,13
Mississippi,2011,16,11
Missouri,2011,32,19
Montana,2011,21,15
Nebraska,2011,7,4
Nevada,2011,22,91
New Hampshire,2011,5,1
New Jersey,2011,19,15
New Mexico,2011,23,14
New York,2011,36,34
North Carolina,2011,37,38
North Dakota,2011,13,4
Ohio,2011,43,40
Oklahoma,2011,19,11
Oregon,2011,31,20
Other Foreign,2011,0,0
Pacific Ocean,2011,1,5
Pennsylvania,2011,27,23
Puerto Rico,2011,3,5
Rhode Island,2011,1,0
South Carolina,2011,21,11
South Dakota,2011,13,14
Tennessee,2011,23,10
Texas,2011,122,106
Utah,2011,31,34
Vermont,2011,1,2
Virginia,2011,30,18
Washington,2011,58,35
West Virginia,2011,9,9
Wisconsin,2011,31,23
Wyoming,2011,26,25
Alabama,2012,25,15
Alaska,2012,112,43
Arizona,2012,61,53
Arkansas,2012,23,14
Atlantic Ocean,2012,4,3
California,2012,134,80
Caribbean Sea,2012,0,0
Colorado,2012,57,44
Connecticut,2012,6,5
Delaware,2012,2,0
District of Columbia,2012,0,0
Florida,2012,101,70
Georgia,2012,39,30
Gulf of Mexico,2012,2,3
Hawaii,2012,10,4
Idaho,2012,40,21
Illinois,2012,30,19
Indiana,2012,26,24
Iowa,2012,21,14
Kansas,2012,22,18
Kentucky,2012,14,10
Louisiana,2012,23,15
Maine,2012,11,9
Maryland,2012,10,6
Massachusetts,2012,10,7
Michigan,2012,38,37
Minnesota,2012,28,24
Mississippi,2012,19,19
Missouri,2012,33,24
Montana,2012,17,13
Nebraska,2012,21,18
Nevada,2012,24,15
New Hampshire,2012,4,4
New Jersey,2012,17,10
New Mexico,2012,19,14
New York,2012,37,26
North Carolina,2012,28,21
North Dakota,2012,13,3
Ohio,2012,30,13
Oklahoma,2012,18,9
Oregon,2012,35,25
Other Foreign,2012,0,0
Pacific Ocean,2012,0,0
Pennsylvania,2012,39,26
Puerto Rico,2012,5,4
Rhode Island,2012,2,1
South Carolina,2012,21,8
South Dakota,2012,15,7
Tennessee,2012,29,26
Texas,2012,126,92
Utah,2012,26,36
Vermont,2012,6,1
Virginia,2012,24,13
Washington,2012,54,29
West Virginia,2012,7,4
Wisconsin,2012,35,23
Wyoming,2012,18,15
Alabama,2013,10,12
Alaska,2013,94,86
Arizona,2013,54,37
Arkansas,2013,21,13
Atlantic Ocean,2013,0,0
California,2013,128,301
Caribbean Sea,2013,0,0
Colorado,2013,48,48
Connecticut,2013,7,7
Delaware,2013,2,1
District of Columbia,2013,0,0
Florida,2013,91,78
Georgia,2013,30,24
Gulf of Mexico,2013,0,0
Hawaii,2013,10,17
Idaho,2013,32,24
Illinois,2013,29,13
Indiana,2013,22,17
Iowa,2013,15,8
Kansas,2013,24,9
Kentucky,2013,11,14
Louisiana,2013,19,18
Maine,2013,8,5
Maryland,2013,15,9
Massachusetts,2013,10,5
Michigan,2013,29,20
Minnesota,2013,33,17
Mississippi,2013,13,13
Missouri,2013,21,15
Montana,2013,29,22
Nebraska,2013,11,7
Nevada,2013,28,23
New Hampshire,2013,6,2
New Jersey,2013,13,9
New Mexico,2013,23,25
New York,2013,28,29
North Carolina,2013,30,17
North Dakota,2013,4,6
Ohio,2013,22,10
Oklahoma,2013,23,24
Oregon,2013,31,18
Other Foreign,2013,0,0
Pacific Ocean,2013,0,0
Pennsylvania,2013,27,34
Puerto Rico,2013,4,4
Rhode Island,2013,0,0
South Carolina,2013,13,17
South Dakota,2013,8,4
Tennessee,2013,17,14
Texas,2013,102,78
Utah,2013,20,9
Vermont,2013,3,4
Virginia,2013,17,16
Washington,2013,37,20
West Virginia,2013,5,7
Wisconsin,2013,18,12
Wyoming,2013,15,9
Alabama,2014,24,28
Alaska,2014,78,24
Arizona,2014,63,51
Arkansas,2014,17,11
Atlantic Ocean,2014,0,0
California,2014,117,79
Caribbean Sea,2014,0,0
Colorado,2014,49,58
Connecticut,2014,5,3
Delaware,2014,2,2
District of Columbia,2014,0,0
Florida,2014,101,72
Georgia,2014,34,47
Gulf of Mexico,2014,0,0
Hawaii,2014,10,8
Idaho,2014,30,26
Illinois,2014,31,20
Indiana,2014,16,12
Iowa,2014,9,7
Kansas,2014,15,17
Kentucky,2014,5,5
Louisiana,2014,19,19
Maine,2014,8,6
Maryland,2014,13,14
Massachusetts,2014,12,10
Michigan,2014,31,26
Minnesota,2014,24,16
Mississippi,2014,12,13
Missouri,2014,19,24
Montana,2014,21,20
Nebraska,2014,11,4
Nevada,2014,22,18
New Hampshire,2014,6,4
New Jersey,2014,20,12
New Mexico,2014,28,34
New York,2014,28,22
North Carolina,2014,29,21
North Dakota,2014,6,1
Ohio,2014,29,23
Oklahoma,2014,11,11
Oregon,2014,18,13
Other Foreign,2014,0,0
Pacific Ocean,2014,1,1
Pennsylvania,2014,24,14
Puerto Rico,2014,4,3
Rhode Island,2014,1,0
South Carolina,2014,13,17
South Dakota,2014,7,6
Tennessee,2014,24,20
Texas,2014,120,102
Utah,2014,25,22
Vermont,2014,5,0
Virginia,2014,25,23
Washington,2014,47,22
West Virginia,2014,6,7
Wisconsin,2014,22,21
Wyoming,2014,11,19
Alabama,2015,23,9
Alaska,2015,77,52
Arizona,2015,41,22
Arkansas,2015,21,17
Atlantic Ocean,2015,1,1
California,2015,118,91
Caribbean Sea,2015,0,0
Colorado,2015,39,39
Connecticut,2015,9,6
Delaware,2015,1,0
District of Columbia,2015,0,0
Florida,2015,99,107
Georgia,2015,33,35
Gulf of Mexico,2015,0,0
Hawaii,2015,6,11
Idaho,2015,27,20
Illinois,2015,30,20
Indiana,2015,19,9
Iowa,2015,13,6
Kansas,2015,24,16
Kentucky,2015,13,14
Louisiana,2015,20,11
Maine,2015,4,2
Maryland,2015,20,4
Massachusetts,2015,10,7
Michigan,2015,26,13
Minnesota,2015,15,11
Mississippi,2015,10,15
Missouri,2015,31,25
Montana,2015,20,13
Nebraska,2015,11,13
Nevada,2015,21,36
New Hampshire,2015,6,4
New Jersey,2015,14,8
New Mexico,2015,25,22
New York,2015,34,25
North Carolina,2015,44,33
North Dakota,2015,6,1
Ohio,2015,17,14
Oklahoma,2015,17,15
Oregon,2015,29,19
Other Foreign,2015,0,0
Pacific Ocean,2015,3,6
Pennsylvania,2015,35,28
Puerto Rico,2015,8,5
Rhode Island,2015,2,0
South Carolina,2015,12,15
South Dakota,2015,9,9
Tennessee,2015,24,16
Texas,2015,110,107
Utah,2015,25,12
Vermont,2015,2,0
Virginia,2015,21,19
Washington,2015,36,33
West Virginia,2015,3,2
Wisconsin,2015,30,33
Wyoming,2015,14,20
Alabama,2016,12,17
Alaska,2016,97,69
Arizona,2016,41,28
Arkansas,2016,22,19
Atlantic Ocean,2016,0,0
California,2016,119,94
Caribbean Sea,2016,0,0
Colorado,2016,31,21
Connecticut,2016,8,5
Delaware,2016,2,1
District of Columbia,2016,0,0
Florida,2016,96,60
Georgia,2016,42,33
Gulf of Mexico,2016,0,0
Hawaii,2016,14,27
Idaho,2016,22,7
Illinois,2016,32,41
Indiana,2016,23,18
Iowa,2016,13,10
Kansas,2016,20,9
Kentucky,2016,11,8
Louisiana,2016,21,11
Maine,2016,7,1
Maryland,2016,10,4
Massachusetts,2016,12,8
Michigan,2016,24,21
Minnesota,2016,26,19
Mississippi,2016,7,5
Missouri,2016,29,18
Montana,2016,18,9
Nebraska,2016,10,7
Nevada,2016,31,23
New Hampshire,2016,13,5
New Jersey,2016,21,12
New Mexico,2016,18,14
New York,2016,33,28
North Carolina,2016,25,18
North Dakota,2016,9,5
Ohio,2016,34,26
Oklahoma,2016,21,28
Oregon,2016,23,13
Other Foreign,2016,0,0
Pacific Ocean,2016,0,0
Pennsylvania,2016,32,22
Puerto Rico,2016,3,0
Rhode Island,2016,6,1
South Carolina,2016,15,8
South Dakota,2016,8,34
Tennessee,2016,25,23
Texas,2016,126,109
Utah,2016,18,8
Vermont,2016,4,2
Virginia,2016,30,27
Washington,2016,32,18
West Virginia,2016,8,6
Wisconsin,2016,28,18
Wyoming,2016,10,11
Alabama,2017,19,13
Alaska,2017,75,32
Arizona,2017,49,33
Arkansas,2017,16,12
Atlantic Ocean,2017,0,0
California,2017,162,136
Caribbean Sea,2017,0,0
Colorado,2017,34,18
Connecticut,2017,13,18
Delaware,2017,4,4
District of Columbia,2017,1,0
Florida,2017,97,67
Georgia,2017,35,24
Gulf of Mexico,2017,0,0
Hawaii,2017,8,14
Idaho,2017,31,13
Illinois,2017,27,12
Indiana,2017,22,15
Iowa,2017,16,10
Kansas,2017,18,10
Kentucky,2017,11,10
Louisiana,2017,17,11
Maine,2017,8,4
Maryland,2017,14,5
Massachusetts,2017,10,5
Michigan,2017,22,16
Minnesota,2017,20,23
Mississippi,2017,11,10
Missouri,2017,28,23
Montana,2017,12,9
Nebraska,2017,9,3
Nevada,2017,31,15
New Hampshire,2017,5,1
New Jersey,2017,21,16
New Mexico,2017,24,17
New York,2017,28,31
North Carolina,2017,34,20
North Dakota,2017,3,4
Ohio,2017,33,18
Oklahoma,2017,20,14
Oregon,2017,27,15
Other Foreign,2017,0,0
Pacific Ocean,2017,2,3
Pennsylvania,2017,33,21
Puerto Rico,2017,5,6
Rhode Island,2017,2,2
South Carolina,2017,12,9
South Dakota,2017,7,5
Tennessee,2017,20,29
Texas,2017,91,62
Utah,2017,27,21
Vermont,2017,4,1
Virginia,2017,27,20
Washington,2017,39,23
West Virginia,2017,6,4
Wisconsin,2017,25,25
Wyoming,2017,11,5
Alabama,2018,20,17
Alaska,2018,93,61
Arizona,2018,60,42
Arkansas,2018,20,12
Atlantic Ocean,2018,2,7
California,2018,119,88
Caribbean Sea,2018,0,0
Colorado,2018,33,25
Connecticut,2018,8,4
Delaware,2018,1,0
District of Columbia,2018,0,0
Florida,2018,120,98
Georgia,2018,35,32
Gulf of Mexico,2018,1,1
Hawaii,2018,12,8
Idaho,2018,28,12
Illinois,2018,27,25
Indiana,2018,19,20
Iowa,2018,12,8
Kansas,2018,17,9
Kentucky,2018,5,2
Louisiana,2018,18,8
Maine,2018,4,5
Maryland,2018,12,9
Massachusetts,2018,9,5
Michigan,2018,28,29
Minnesota,2018,14,10
Mississippi,2018,6,3
Missouri,2018,22,16
Montana,2018,14,7
Nebraska,2018,12,11
Nevada,2018,27,19
New Hampshire,2018,4,2
New Jersey,2018,14,11
New Mexico,2018,27,25
New York,2018,37,35
North Carolina,2018,24,11
North Dakota,2018,10,17
Ohio,2018,33,22
Oklahoma,2018,15,14
Oregon,2018,31,10
Other Foreign,2018,1,1
Pacific Ocean,2018,0,0
Pennsylvania,2018,28,150
Puerto Rico,2018,6,14
Rhode Island,2018,0,0
South Carolina,2018,21,11
South Dakota,2018,9,7
Tennessee,2018,13,12
Texas,2018,119,110
Utah,2018,26,19
Vermont,2018,11,6
Virginia,2018,31,14
Washington,2018,47,30
West Virginia,2018,3,0
Wisconsin,2018,26,21
Wyoming,2018,13,8
Alabama,2019,15,10
Alaska,2019,88,69
Arizona,2019,47,22
Arkansas,2019,14,12
Atlantic Ocean,2019,4,5
California,2019,114,89
Caribbean Sea,2019,0,0
Colorado,2019,35,15
Connecticut,2019,8,18
Delaware,2019,1,2
District of Columbia,2019,0,0
Florida,2019,113,75
Georgia,2019,39,22
Gulf of Mexico,2019,2,3
Hawaii,2019,10,26
Idaho,2019,33,11
Illinois,2019,22,13
Indiana,2019,22,16
Iowa,2019,9,5
Kansas,2019,19,8
Kentucky,2019,13,10
Louisiana,2019,21,27
Maine,2019,11,7
Maryland,2019,17,13
Massachusetts,2019,9,7
Michigan,2019,23,30
Minnesota,2019,16,8
Mississippi,2019,13,18
Missouri,2019,20,8
Montana,2019,15,17
Nebraska,2019,13,10
Nevada,2019,29,36
New Hampshire,2019,4,1
New Jersey,2019,14,5
New Mexico,2019,20,18
New York,2019,19,26
North Carolina,2019,29,37
North Dakota,2019,5,2
Ohio,2019,27,24
Oklahoma,2019,15,6
Oregon,2019,42,40
Other Foreign,2019,0,0
Pacific Ocean,2019,1,1
Pennsylvania,2019,30,22
Puerto Rico,2019,3,4
Rhode Island,2019,1,0
South Carolina,2019,18,6
South Dakota,2019,11,19
Tennessee,2019,24,15
Texas,2019,116,107
Utah,2019,29,22
Vermont,2019,1,0
Virginia,2019,24,7
Washington,2019,37,30
West Virginia,2019,4,8
Wisconsin,2019,19,16
Wyoming,2019,11,3
Alabama,2020,17,15
Alaska,2020,79,36
Arizona,2020,36,18
Arkansas,2020,16,14
Atlantic Ocean,2020,0,0
California,2020,105,96
Caribbean Sea,2020,0,0
Colorado,2020,44,25
Connecticut,2020,5,4
Delaware,2020,4,3
District of Columbia,2020,0,0
Florida,2020,92,65
Georgia,2020,36,34
Gulf of Mexico,2020,0,0
Hawaii,2020,6,6
Idaho,2020,24,21
Illinois,2020,27,25
Indiana,2020,17,16
Iowa,2020,12,11
Kansas,2020,11,6
Kentucky,2020,7,4
Louisiana,2020,23,23
Maine,2020,6,2
Maryland,2020,12,0
Massachusetts,2020,8,3
Michigan,2020,22,14
Minnesota,2020,26,19
Mississippi,2020,7,1
Missouri,2020,24,10
Montana,2020,19,18
Nebraska,2020,9,6
Nevada,2020,22,17
New Hampshire,2020,6,3
New Jersey,2020,6,1
New Mexico,2020,8,5
New York,2020,25,17
North Carolina,2020,30,42
North Dakota,2020,6,3
Ohio,2020,22,8
Oklahoma,2020,18,14
Oregon,2020,23,12
Other Foreign,2020,0,0
Pacific Ocean,2020,1,0
Pennsylvania,2020,19,9
Puerto Rico,2020,4,3
Rhode Island,2020,2,1
South Carolina,2020,13,15
South Dakota,2020,7,4
Tennessee,2020,24,15
Texas,2020,115,91
Utah,2020,22,30
Vermont,2020,3,2
Virginia,2020,15,6
Washington,2020,28,24
West Virginia,2020,1,1
Wisconsin,2020,14,7
Wyoming,2020,9,34
Alabama,2021,15,7
Alaska,2021,92,46
Arizona,2021,44,35
Arkansas,2021,19,20
Atlantic Ocean,2021,1,1
California,2021,93,88
Caribbean Sea,2021,1,4
Colorado,2021,47,32
Connecticut,2021,5,10
Delaware,2021,0,0
District of Columbia,2021,0,0
Florida,2021,97,87
Georgia,2021,37,30
Gulf of Mexico,2021,0,0
Hawaii,2021,5,5
Idaho,2021,39,20
Illinois,2021,18,8
Indiana,2021,21,10
Iowa,2021,16,10
Kansas,2021,15,8
Kentucky,2021,11,9
Louisiana,2021,23,24
Maine,2021,3,0
Maryland,2021,10,3
Massachusetts,2021,10,13
Michigan,2021,29,23
Minnesota,2021,12,8
Mississippi,2021,11,13
Missouri,2021,15,9
Montana,2021,17,14
Nebraska,2021,9,12
Nevada,2021,19,5
New Hampshire,2021,5,7
New Jersey,2021,17,10
New Mexico,2021,17,21
New York,2021,24,21
North Carolina,2021,41,35
North Dakota,2021,6,5
Ohio,2021,26,14
Oklahoma,2021,17,17
Oregon,2021,36,16
Other Foreign,2021,0,0
Pacific Ocean,2021,0,0
Pennsylvania,2021,28,15
Puerto Rico,2021,0,0
Rhode Island,2021,1,0
South Carolina,2021,22,17
South Dakota,2021,2,0
Tennessee,2021,20,24
Texas,2021,97,88
Utah,2021,22,13
Vermont,2021,4,1
Virginia,2021,18,10
Washington,2021,41,28
West Virginia,2021,4,3
Wisconsin,2021,25,22
Wyoming,2021,5,0
Alabama,2022,21,13
Alaska,2022,84,43
Arizona,2022,53,35
Arkansas,2022,20,10
Atlantic Ocean,2022,1,1
California,2022,111,87
Caribbean Sea,2022,0,0
Colorado,2022,33,30
Connecticut,2022,5,3
Delaware,2022,1,0
District of Columbia,2022,0,0
Florida,2022,82,84
Georgia,2022,41,27
Gulf of Mexico,2022,0,0
Hawaii,2022,13,47
Idaho,2022,27,20
Illinois,2022,30,14
Indiana,2022,21,6
Iowa,2022,13,7
Kansas,2022,14,10
Kentucky,2022,15,9
Louisiana,2022,17,20
Maine,2022,5,7
Maryland,2022,16,11
Massachusetts,2022,11,4
Michigan,2022,16,11
Minnesota,2022,24,15
Mississippi,2022,9,2
Missouri,2022,19,17
Montana,2022,14,9
Nebraska,2022,14,8
Nevada,2022,21,19
New Hampshire,2022,5,6
New Jersey,2022,14,16
New Mexico,2022,16,10
New York,2022,26,14
North Carolina,2022,30,39
North Dakota,2022,7,5
Ohio,2022,30,25
Oklahoma,2022,22,18
Oregon,2022,24,16
Other Foreign,2022,0,0
Pacific Ocean,2022,0,0
Pennsylvania,2022,35,21
Puerto Rico,2022,3,0
Rhode Island,2022,1,0
South Carolina,2022,21,11
South Dakota,2022,6,4
Tennessee,2022,26,15
Texas,2022,118,81
Utah,2022,28,21
Vermont,2022,1,1
Virginia,2022,22,11
Washington,2022,35,34
West Virginia,2022,5,11
Wisconsin,2022,23,16
Wyoming,2022,13,9
Alabama,1981,0,0
Alaska,1981,0,0
Arizona,1981,0,0
Arkansas,1981,0,0
Atlantic Ocean,1981,0,0
California,1981,0,0
Caribbean Sea,1981,0,0
Colorado,1981,0,0
Connecticut,1981,0,0
Delaware,1981,0,0
District of Columbia,1981,0,0
Florida,1981,0,0
Georgia,1981,0,0
Gulf of Mexico,1981,0,0
Hawaii,1981,0,0
Idaho,1981,0,0
Illinois,1981,0,0
Indiana,1981,0,0
Iowa,1981,0,0
Kansas,1981,0,0
Kentucky,1981,0,0
Louisiana,1981,0,0
Maine,1981,0,0
Maryland,1981,0,0
Massachusetts,1981,0,0
Michigan,1981,0,0
Minnesota,1981,1,4
Mississippi,1981,0,0
Missouri,1981,0,0
Montana,1981,0,0
Nebraska,1981,0,0
Nevada,1981,0,0
New Hampshire,1981,0,0
New Jersey,1981,0,0
New Mexico,1981,0,0
New York,1981,0,0
North Carolina,1981,0,0
North Dakota,1981,0,0
Ohio,1981,0,0
Oklahoma,1981,0,0
Oregon,1981,0,0
Other Foreign,1981,0,0
Pacific Ocean,1981,0,0
Pennsylvania,1981,0,0
Puerto Rico,1981,0,0
Rhode Island,1981,0,0
South Carolina,1981,0,0
South Dakota,1981,0,0
Tennessee,1981,0,0
Texas,1981,0,0
Utah,1981,0,0
Vermont,1981,0,0
Virginia,1981,0,0
Washington,1981,0,0
West Virginia,1981,0,0
Wisconsin,1981,0,0
Wyoming,1981,0,0
